{"cameraMode":{"drawMode":0,"name":"Shaded","section":"Shading Mode"},"sceneLighting":false,"audioPlay":false,"sceneViewState":{"showFog":true,"showMaterialUpdate":false,"showSkybox":false,"showFlares":true,"showImageEffects":true,"showParticleSystems":true},"in2DMode":false,"pivot":{"x":0.0009999945759773255,"y":0.02500000223517418,"z":0.0},"rotation":{"x":-0.3898596465587616,"y":-0.009396575391292572,"z":0.003977843560278416,"w":-0.9208202958106995},"size":0.19526207447052003,"orthographic":false}