{"cameraMode":{"drawMode":0,"name":"Shaded","section":"Shading Mode"},"sceneLighting":false,"audioPlay":false,"sceneViewState":{"showFog":true,"showMaterialUpdate":false,"showSkybox":false,"showFlares":true,"showImageEffects":true,"showParticleSystems":true},"in2DMode":false,"pivot":{"x":-0.671931803226471,"y":2.340686798095703,"z":-1.1399199962615967},"rotation":{"x":0.007158190477639437,"y":-0.8477625250816345,"z":0.011445487849414349,"w":0.5302039980888367},"size":0.39875364303588869,"orthographic":false}